feature,importance
destination_port,0.2372371385946605
forward_packet_length_max,0.09297780424078003
forward_packet_length_mean,0.07876867875682611
total_forward_bytes,0.07603753574341662
backward_packet_length_min,0.06403467650286196
backward_packet_length_mean,0.05412020966448321
total_backward_bytes,0.0480644171569543
total_forward_packets,0.04696672276179249
flow_bytes_per_second,0.046866790768135755
backward_packet_length_max,0.03833249645091843
forward_packet_length_std,0.03248260524822809
flow_iat_max,0.030905015674403513
flow_duration,0.02859347581003533
total_backward_packets,0.027786807438941317
backward_packet_length_std,0.02749780693379373
forward_packet_length_min,0.02326876459267325
flow_iat_mean,0.019978356279509252
flow_packets_per_second,0.011717254887091442
flow_iat_std,0.01161908446578159
flow_iat_min,0.0027443580287130342
